index	ATM_p.Q628fs	FANCA_p.E1240fs	APC_p.S1298Ffs*3	BRCA2_p.A938fs	ATM_p.Y1124*	TP53_p.Y220C	CTNNB1_p.S45Y	DLGAP4_p.Q689*	IDH1_p.R132C	IDH1_p.R132H	APC_p.R213*	BAP1_p.T93A	DIS3_p.E429Q	DIS3_p.R780K	IRF4_p.Q300*	NRAS_p.Q61H	TP53_p.R282W	BRAF_p.V600E	GNAS_p.R201C	KRAS_p.G12D	KRAS_p.G12V	KRAS_p.Q61H	PIK3CA_p.E545K	PELI1_p.R46T	SMG1_p.K3172T	EEF1A1_p.D442H	MAP1B_p.E611D	PGAP2_p.*316Rext*40	TPD52L1_p.A21=	LDHB_p.Q307=
HT227P1-S1H1L1U1	0.0	0.0	0.0	0.0	0.0	0.0	0.0	0.0	0.0	0.0	0.0	0.0	0.0	0.0	0.0	0.0	0.0	0.0	0.0	0.1518987341772152	0.0	0.0	0.0	0.0	0.0	0.0	0.0	0.0	0.0	0.0
HT242P1-S1H4L4U1	0.0	0.0	0.0	0.0	0.0	0.0	0.0	0.0	0.0	0.0	0.0	0.0	0.0	0.0	0.0	0.0	0.0	0.0	0.0	0.05982905982905983	0.0	0.0	0.0	0.0	0.045714285714285714	0.0	0.0	0.0	0.0	0.0
HT243B1-S1H1A4U1	0.0	0.0	0.0	0.5700934579439252	0.0	0.0	0.0	0.0	0.0	0.0	0.0	0.0	0.0	0.0	0.0	0.0	0.0	0.0	0.0	0.0	0.0	0.0	0.0	0.0	0.0	0.0	0.0	0.0	0.0	0.0
HT260C1-Th1K1L1U1	0.0	0.0	0.4507042253521127	0.0	0.0	0.0	0.0	0.0	0.0	0.0	0.0	0.0	0.0	0.0	0.0	0.0	0.0	0.0	0.0	0.0	0.0	0.0	0.0	0.0	0.0	0.0	0.0	0.0	0.0891089108910891	0.07983193277310924
HT268B1-Th1H3L1U1	0.0	0.0	0.0	0.0	0.0	0.0	0.0	0.0	0.0	0.0	0.0	0.0	0.0	0.0	0.0	0.0	0.0	0.0	0.0	0.0	0.0	0.0	0.0	0.16666666666666666	0.0	0.08125	0.18857142857142858	0.3253012048192771	0.0	0.0
HT284P1-S1H1A1U1	0.0	0.0	0.0	0.0	0.0	0.0	0.035211267605633804	0.0	0.0	0.0	0.0	0.0	0.0	0.0	0.0	0.0	0.0	0.0	0.0	0.0	0.0	0.0	0.0	0.0	0.0	0.0	0.0	0.0	0.0	0.0
HT305B1-S1H5A1U1	0.425531914893617	0.0	0.0	0.0	0.0	0.0	0.0	0.0	0.0	0.0	0.0	0.0	0.0	0.0	0.0	0.0	0.0	0.0	0.0	0.0	0.0	0.0	0.0	0.0	0.0	0.0	0.0	0.0	0.0	0.0
HT308B1-S1H5A4U1	0.0	0.0	0.0	0.0	0.7777777777777778	0.0	0.0	0.0	0.0	0.0	0.0	0.0	0.0	0.0	0.0	0.0	0.0	0.0	0.0	0.0	0.0	0.0	0.0	0.0	0.0	0.0	0.0	0.0	0.0	0.0
HT425B1-S1H1Fp1U1	0.0	0.21818181818181817	0.0	0.0	0.0	0.0	0.0	0.0	0.0	0.0	0.0	0.0	0.0	0.0	0.0	0.0	0.0	0.0	0.0	0.0	0.0	0.0	0.13793103448275862	0.0	0.0	0.0	0.0	0.0	0.0	0.0
HT65B1-H1A1A4U1	0.0	0.0	0.0	0.0	0.0	0.2903225806451613	0.0	0.0	0.0	0.0	0.0	0.0	0.0	0.0	0.0	0.0	0.0	0.0	0.0	0.0	0.0	0.0	0.0	0.0	0.0	0.0	0.0	0.0	0.0	0.0
WUPE82256U1-Fp1U1	0.0	0.0	0.0	0.0	0.0	0.0	0.0	0.0	0.0	0.0	0.0	0.0	0.3648293963254593	0.0	0.0	0.0	0.0	0.0	0.0	0.0	0.0	0.0	0.0	0.0	0.0	0.0	0.0	0.0	0.0	0.0
WUPE25723U1-Fp1U1	0.0	0.0	0.0	0.0	0.0	0.0	0.0	0.0	0.0	0.0	0.0	0.0	0.0	0.04046242774566474	0.0	0.0	0.0	0.0	0.0	0.0	0.0	0.0	0.0	0.0	0.0	0.0	0.0	0.0	0.0	0.0
WUPE08092A1-S1H3U1	0.0	0.0	0.0	0.0	0.0	0.0	0.0	0.0	0.0	0.0	0.0	0.0	0.0	0.0	0.0	0.0	0.0	0.0	0.0	0.0	0.0	0.0	0.0	0.0	0.0	0.0	0.0	0.0	0.0	0.0
WUPE68972U1-Fp1U1	0.0	0.0	0.0	0.0	0.0	0.0	0.0	0.0	0.0	0.0694006309148265	0.0	0.0	0.0	0.0	0.0	0.0	0.0	0.0	0.0	0.0	0.0	0.0	0.0	0.0	0.0	0.0	0.0	0.0	0.0	0.0
WUPE38758U1-Fp1U1	0.0	0.0	0.0	0.0	0.0	0.0	0.0	0.0	0.0	0.0	0.0	0.0	0.0	0.0	0.0	0.0	0.0	0.0	0.0	0.0	0.0	0.08855291576673865	0.0	0.0	0.0	0.0	0.0	0.0	0.0	0.0
WUPE62598U1-Fp2U1	0.0	0.0	0.0	0.0	0.0	0.0	0.0	0.0	0.0	0.0	0.0	0.0	0.0	0.0	0.43503480278422274	0.0	0.0	0.0	0.0	0.0	0.0	0.0	0.0	0.0	0.0	0.0	0.0	0.0	0.0	0.0
WUPE28077U1-Fp1U1	0.0	0.0	0.0	0.0	0.0	0.0	0.0	0.0	0.0	0.0	0.0	0.0	0.0	0.0	0.0	0.0	0.0	0.058004640371229696	0.0	0.0	0.0	0.0	0.0	0.0	0.0	0.0	0.0	0.0	0.0	0.0
WUPE04916U1-Fp1U1	0.0	0.0	0.0	0.0	0.0	0.0	0.0	0.19696969696969696	0.0	0.0	0.0	0.0	0.0	0.0	0.0	0.0	0.0	0.0	0.0	0.0	0.0	0.0	0.0	0.0	0.0	0.0	0.0	0.0	0.0	0.0
SP001P1-Fp1U1	0.0	0.0	0.0	0.0	0.0	0.0	0.0	0.0	0.0	0.0	0.0	0.0	0.0	0.0	0.0	0.0	0.0	0.0	0.36231884057971014	0.13978494623655913	0.0	0.0	0.0	0.0	0.0	0.0	0.0	0.0	0.0	0.0
WUPE86238U1-Fp1U1	0.0	0.0	0.0	0.0	0.0	0.0	0.0	0.0	0.0	0.0	0.0	0.0	0.0	0.0	0.0	0.5945578231292517	0.0	0.0	0.0	0.0	0.0	0.0	0.0	0.0	0.0	0.0	0.0	0.0	0.0	0.0
C3L-03372-12Us3_1	0.0	0.0	0.0	0.0	0.0	0.0	0.0	0.0	0.2621359223300971	0.0	0.0	0.0	0.0	0.0	0.0	0.0	0.0	0.0	0.0	0.0	0.0	0.0	0.0	0.0	0.0	0.0	0.0	0.0	0.0	0.0
C3L-01287-11Us2_1	0.0	0.0	0.0	0.0	0.0	0.0	0.0	0.0	0.0	0.0	0.0	0.06882591093117409	0.0	0.0	0.0	0.0	0.0	0.0	0.0	0.0	0.0	0.0	0.0	0.0	0.0	0.0	0.0	0.0	0.0	0.0
C3N-00663-11U3	0.0	0.0	0.0	0.0	0.0	0.0	0.0	0.0	0.0	0.34035087719298246	0.0	0.0	0.0	0.0	0.0	0.0	0.31296572280178836	0.0	0.0	0.0	0.0	0.0	0.0	0.0	0.0	0.0	0.0	0.0	0.0	0.0
HT270P1-S1H1A1US2_1	0.0	0.0	0.0	0.0	0.0	0.0	0.0	0.0	0.0	0.0	0.0	0.0	0.0	0.0	0.0	0.0	0.0	0.0	0.0	0.038461538461538464	0.0	0.0	0.0	0.0	0.0	0.0	0.0	0.0	0.0	0.0
HT060P1-S1R1Fp1U1	0.0	0.0	0.0	0.0	0.4631578947368421	0.0	0.0	0.0	0.0	0.0	0.0	0.0	0.0	0.0	0.0	0.0	0.0	0.0	0.0	0.013071895424836602	0.026143790849673203	0.0	0.0	0.0	0.0	0.0	0.0	0.0	0.0	0.0
HT061P1-S1P1A1L1U1	0.0	0.0	0.0	0.0	0.0	0.0	0.0	0.0	0.0	0.0	0.0	0.0	0.0	0.0	0.0	0.0	0.0	0.0	0.0	0.16030534351145037	0.015267175572519083	0.0	0.0	0.0	0.0	0.0	0.0	0.0	0.0	0.0
HT061P1-S1P1A1L4U1	0.0	0.0	0.0	0.0	0.0	0.0	0.0	0.0	0.0	0.0	0.0	0.0	0.0	0.0	0.0	0.0	0.0	0.0	0.0	0.16030534351145037	0.015267175572519083	0.0	0.0	0.0	0.0	0.0	0.0	0.0	0.0	0.0
HT125P1-S1H4A1L1U1	0.0	0.0	0.0	0.0	0.0	0.0	0.0	0.0	0.0	0.0	0.0	0.0	0.0	0.0	0.0	0.0	0.0	0.0	0.0	0.0	0.06818181818181818	0.0	0.0	0.0	0.0	0.0	0.0	0.0	0.0	0.0
HT125P1-S1H8A1U1	0.0	0.0	0.0	0.0	0.0	0.0	0.0	0.0	0.0	0.0	0.0	0.0	0.0	0.0	0.0	0.0	0.0	0.0	0.0	0.0	0.13533834586466165	0.0	0.0	0.0	0.0	0.0	0.0	0.0	0.0	0.0
HT185P1-S1H2L1U1	0.0	0.0	0.0	0.0	0.0	0.0	0.0	0.0	0.0	0.0	0.0	0.0	0.0	0.0	0.0	0.0	0.0	0.0	0.0	0.0	0.23015873015873015	0.0	0.0	0.0	0.0	0.0	0.0	0.0	0.0	0.0
HT179C1-T1Fp3L5U1	0.0	0.0	0.0	0.0	0.0	0.0	0.0	0.0	0.0	0.0	0.0	0.0	0.0	0.0	0.0	0.0	0.0	0.0	0.0	0.14772727272727273	0.0	0.0	0.2727272727272727	0.0	0.0	0.0	0.0	0.0	0.0	0.0
SN105H1-Ma1Fp2-5U1																														
SN106H1-Ma1Fp2-7U1																														
SP002C1-Fp1U2																														
