chr5	112780895	112780895
chr5	112839484	112839485
chr20	32435134	32435134
chr11	108252888	108252889
chr11	108279578	108279578
chr3	52406277	52406278
chr3	52408575	52408575
chr7	140753336	140753336
chr13	32337161	32337164
chr16	89742841	89742845
chr3	41224646	41224646
chr13	72761926	72761926
chr7	21655854	21655855
chr2	25234374	25234374
chr6	73517875	73517875
chr7	55154129	55154129
chr13	72772794	72772794
chr7	55142408	55142408
chr20	58909365	58909365
chr20	36499642	36499642
chr2	208248389	208248389
chr2	208248388	208248388
chr20	32434909	32434909
chr6	401576	401576
chr9	5073770	5073770
chr12	25245350	25245350
chr12	25245350	25245350
chr12	25225733	25225733
chr12	25227341	25227341
chr12	21635626	21635626
chr5	72195188	72195188
chr3	52408056	52408056
chr5	171410541	171410542
chr1	114713907	114713907
chr2	64104765	64104765
chr3	179218303	179218303
chr2	197402110	197402110
chr16	18829374	18829374
chr17	7673776	7673776
chr17	7674872	7674872
chr6	125220121	125220121
chr11	3825456	3825456
